timestamp,open,high,low,close,volume
1784767680000,66199.76,66199.77,66177.66,66177.66,4.95082
1784767740000,66177.66,66184.0,66132.99,66133.0,123.95544
1784767800000,66133.0,66163.62,66119.99,66125.83,146.89455
1784767860000,66125.83,66172.0,66074.99,66172.0,102.77046
1784767920000,66171.99,66172.0,66132.31,66132.32,7.18431
1784767980000,66132.32,66132.32,66106.13,66122.0,4.56883
1784768040000,66122.0,66122.0,66121.99,66121.99,0.79928
1784768100000,66122.0,66122.0,66078.0,66078.0,7.73462
1784768160000,66078.0,66078.01,66060.83,66064.01,5.67042
1784768220000,66064.0,66064.0,66054.58,66060.52,3.9985
1784768280000,66060.52,66060.96,66060.51,66060.87,0.82374
1784768340000,66060.87,66067.29,66058.19,66058.19,8.24905
1784768400000,66058.2,66064.97,66036.43,66036.44,8.90616
1784768460000,66036.43,66080.0,66036.43,66080.0,7.56889
1784768520000,66079.99,66092.0,66062.62,66089.34,6.464
1784768580000,66089.35,66114.68,66089.34,66113.32,5.79728
1784768640000,66113.32,66147.99,66113.31,66147.99,1.42038
1784768700000,66148.0,66200.0,66145.35,66199.99,3.26854
1784768760000,66200.0,66208.0,66150.0,66150.01,16.09214
1784768820000,66150.01,66172.69,66137.31,66150.83,4.88555
1784768880000,66150.82,66155.14,66029.09,66038.0,11.48903
1784768940000,66038.0,66040.75,66025.0,66025.0,4.70517
1784769000000,66025.01,66055.69,66025.0,66055.67,4.73924
1784769060000,66055.68,66068.0,66050.0,66062.42,3.36901
1784769120000,66062.42,66062.42,66038.04,66038.04,4.82623
1784769180000,66038.05,66041.51,66034.33,66041.51,2.01875
1784769240000,66041.51,66042.0,66032.0,66042.0,1.88992
1784769300000,66042.0,66042.0,66032.01,66032.02,5.46841
1784769360000,66032.02,66032.02,65994.0,65997.99,9.06763
1784769420000,65998.0,66008.61,65912.0,65922.97,30.62881
1784769480000,65922.98,65932.0,65922.97,65924.85,3.45512
1784769540000,65924.86,65924.86,65899.81,65915.91,14.34657
1784769600000,65915.91,65925.59,65898.27,65924.67,6.56904
1784769660000,65924.67,65976.0,65924.67,65970.01,33.03071
1784769720000,65970.02,65976.0,65958.81,65958.81,6.15491
1784769780000,65958.81,65958.81,65925.65,65932.01,4.94185
1784769840000,65932.01,65974.49,65905.88,65906.0,170.5722
1784769900000,65905.99,65946.33,65904.72,65931.08,155.1841
1784769960000,65931.07,65944.39,65910.38,65944.39,57.98985
1784770020000,65944.38,65957.42,65944.38,65946.0,3.26796
1784770080000,65946.0,65951.8,65936.0,65938.01,4.20928
1784770140000,65938.01,65938.01,65930.0,65930.0,1.96932
1784770200000,65930.01,65942.0,65864.33,65864.34,17.54572
1784770260000,65864.35,65887.75,65835.0,65835.0,25.37909
1784770320000,65835.0,65885.99,65835.0,65885.99,7.19643
1784770380000,65886.0,65886.0,65864.0,65870.16,6.29261
1784770440000,65870.16,65885.99,65862.0,65862.01,5.17763
1784770500000,65862.0,65862.01,65834.01,65844.6,5.01507
1784770560000,65844.54,65844.54,65817.0,65823.63,25.14881
1784770620000,65823.63,65824.65,65775.0,65775.01,27.20499
1784770680000,65775.01,65792.0,65755.02,65755.03,21.13746
1784770740000,65755.03,65782.0,65751.0,65775.01,13.3151
1784770800000,65775.01,65779.82,65760.0,65779.81,7.74066
1784770860000,65779.81,65783.88,65765.0,65775.01,9.64373
1784770920000,65775.0,65806.7,65775.0,65806.7,5.63057
1784770980000,65806.7,65806.7,65800.0,65800.0,3.53456
1784771040000,65800.01,65806.56,65790.0,65790.01,7.95195
1784771100000,65790.01,65827.07,65781.35,65827.06,8.20371
1784771160000,65827.07,65827.74,65814.11,65824.0,18.107
1784771220000,65824.0,65824.0,65805.0,65805.01,9.42252
1784771280000,65805.0,65825.08,65801.0,65825.08,9.12094
1784771340000,65825.08,65838.0,65825.07,65832.65,6.64362
1784771400000,65832.64,65834.0,65825.08,65834.0,4.61397
1784771460000,65834.0,65858.86,65834.0,65840.01,11.14102
1784771520000,65840.01,65840.01,65832.0,65832.01,8.9971
1784771580000,65832.0,65832.0,65790.0,65819.61,26.10312
1784771640000,65819.61,65868.41,65819.6,65861.18,9.47311
1784771700000,65861.17,65861.18,65861.17,65861.17,1.62605
1784771760000,65861.17,65864.0,65852.0,65863.99,5.96129
1784771820000,65863.99,65863.99,65842.0,65842.01,5.4826
1784771880000,65842.0,65842.01,65835.67,65835.67,2.40355
1784771940000,65835.67,65835.67,65830.0,65830.0,2.38266
1784772000000,65830.0,65830.01,65783.52,65783.52,10.22374
1784772060000,65783.52,65803.4,65751.0,65803.4,10.50934
1784772120000,65803.41,65828.0,65792.39,65801.99,7.45718
1784772180000,65801.99,65801.99,65741.29,65741.3,9.78507
1784772240000,65741.29,65840.01,65741.29,65840.01,18.3724
1784772300000,65840.0,65840.0,65794.4,65825.9,21.28789
1784772360000,65825.9,65838.58,65825.89,65838.57,4.82283
1784772420000,65838.57,65838.57,65828.97,65835.68,2.95666
1784772480000,65835.68,65835.68,65824.54,65831.83,3.15355
1784772540000,65831.84,65835.85,65812.81,65812.82,6.74908
1784772600000,65812.81,65830.0,65812.81,65826.42,3.70916
1784772660000,65826.41,65837.62,65826.41,65837.62,1.63021
1784772720000,65837.62,65837.62,65796.85,65799.53,5.45679
1784772780000,65799.52,65805.26,65761.82,65761.83,4.44606
1784772840000,65761.83,65782.78,65736.01,65736.01,8.5829
1784772900000,65736.0,65763.66,65726.97,65763.66,5.51819
1784772960000,65763.66,65763.66,65732.0,65743.53,9.72691
1784773020000,65743.54,65748.0,65733.96,65745.5,5.02984
1784773080000,65745.5,65745.5,65716.25,65724.79,2.70584
1784773140000,65724.79,65757.78,65724.79,65757.78,2.42362
1784773200000,65757.77,65758.0,65748.35,65748.36,2.31101
1784773260000,65748.36,65760.52,65737.19,65737.2,14.83894
1784773320000,65737.2,65757.52,65729.91,65750.0,16.81929
1784773380000,65750.0,65750.01,65705.0,65717.65,27.90809
1784773440000,65717.66,65748.1,65717.66,65739.5,5.3003
1784773500000,65739.49,65739.49,65708.0,65708.01,10.03959
1784773560000,65708.01,65713.99,65653.23,65670.0,13.09653
1784773620000,65670.0,65724.49,65661.84,65724.49,19.98235
1784773680000,65724.49,65752.0,65724.49,65751.99,14.3304
1784773740000,65751.99,65752.0,65746.0,65746.01,2.02834
1784773800000,65746.0,65746.01,65723.52,65744.14,6.02567
1784773860000,65744.15,65750.0,65732.01,65750.0,12.58883
1784773920000,65750.2,65809.47,65750.2,65796.81,14.61356
1784773980000,65796.81,65823.4,65792.47,65804.32,22.76752
1784774040000,65804.32,65823.63,65804.31,65823.62,1.57431
1784774100000,65823.62,65827.96,65823.62,65827.95,1.05909
1784774160000,65827.95,65829.12,65800.29,65800.29,6.06355
1784774220000,65800.28,65800.29,65766.01,65768.65,4.44907
1784774280000,65768.66,65780.3,65754.16,65754.17,3.60451
1784774340000,65754.16,65768.97,65754.16,65768.96,1.35662
1784774400000,65768.96,65768.97,65733.29,65756.01,5.23943
1784774460000,65756.01,65761.81,65734.34,65761.8,5.14164
1784774520000,65761.81,65770.0,65759.26,65759.27,3.24462
1784774580000,65759.27,65768.51,65744.09,65768.51,2.40726
1784774640000,65768.51,65780.0,65768.5,65780.0,1.47241
1784774700000,65780.0,65843.25,65780.0,65825.17,15.47607
1784774760000,65825.17,65825.17,65804.6,65804.61,2.57912
1784774820000,65804.6,65804.61,65762.03,65762.04,4.78923
1784774880000,65762.04,65790.0,65762.03,65788.0,3.08985
1784774940000,65787.99,65800.0,65778.0,65792.01,4.48889
1784775000000,65792.0,65800.2,65772.74,65784.23,13.58763
1784775060000,65784.23,65818.0,65779.31,65818.0,1.51102
1784775120000,65818.0,65818.0,65802.0,65804.64,10.69167
1784775180000,65804.65,65823.6,65804.65,65823.6,1.08802
1784775240000,65823.6,65823.6,65781.99,65782.0,22.46762
1784775300000,65781.99,65805.83,65781.99,65796.23,26.27448
1784775360000,65796.24,65803.19,65796.24,65803.19,5.28098
1784775420000,65803.2,65815.95,65803.2,65815.94,1.70566
1784775480000,65815.95,65824.0,65815.94,65823.99,1.23042
1784775540000,65823.99,65823.99,65796.49,65805.34,12.60679
1784775600000,65805.35,65816.0,65802.0,65802.01,4.85941
1784775660000,65802.0,65802.01,65782.0,65792.0,2.65758
1784775720000,65792.0,65798.9,65791.99,65798.9,1.78567
1784775780000,65798.9,65800.03,65785.0,65785.0,1.77799
1784775840000,65785.01,65785.01,65738.15,65745.03,23.43103
1784775900000,65745.03,65754.0,65704.0,65704.01,9.57756
1784775960000,65704.01,65734.0,65700.0,65732.0,5.83809
1784776020000,65732.0,65738.0,65713.16,65713.17,6.73681
1784776080000,65713.16,65725.03,65702.67,65702.67,2.62425
1784776140000,65702.68,65755.44,65702.67,65755.01,100.25265
1784776200000,65755.01,65755.01,65710.02,65710.02,116.80685
1784776260000,65710.03,65710.03,65650.0,65655.59,14.3862
1784776320000,65655.59,65655.59,65600.0,65600.22,25.90338
1784776380000,65600.21,65628.0,65593.96,65627.99,12.07317
1784776440000,65628.0,65633.99,65627.99,65633.99,1.43826
1784776500000,65633.99,65633.99,65610.0,65624.01,7.42423
1784776560000,65624.01,65629.05,65609.36,65620.0,5.14623
1784776620000,65619.99,65635.36,65619.99,65630.01,1.60831
1784776680000,65630.0,65640.0,65616.57,65618.34,5.02521
1784776740000,65618.35,65622.0,65600.78,65621.17,2.63368
1784776800000,65621.17,65643.4,65621.16,65643.4,2.63676
1784776860000,65643.41,65680.0,65643.4,65663.35,16.97545
1784776920000,65663.34,65667.62,65662.05,65662.06,2.53593
1784776980000,65662.06,65688.0,65662.04,65662.05,7.1389
1784777040000,65662.04,65662.05,65635.94,65640.0,3.67562
1784777100000,65639.99,65646.0,65600.0,65600.0,6.66696
1784777160000,65600.0,65600.01,65585.11,65596.0,5.67008
1784777220000,65596.0,65607.51,65596.0,65607.51,2.2584
1784777280000,65607.51,65653.14,65607.5,65649.28,8.46445
1784777340000,65649.48,65655.69,65641.68,65641.69,8.48567
1784777400000,65641.7,65688.01,65630.0,65688.01,8.89621
1784777460000,65688.01,65688.01,65650.01,65650.01,3.35749
1784777520000,65650.01,65664.52,65650.0,65664.52,3.23795
1784777580000,65664.51,65687.75,65664.51,65665.16,5.30869
1784777640000,65665.15,65680.45,65665.15,65674.01,7.50696
1784777700000,65674.01,65674.01,65650.83,65655.83,6.05117
1784777760000,65655.83,65681.49,65655.83,65681.49,3.0051
1784777820000,65681.48,65691.11,65681.48,65681.5,1.65998
1784777880000,65681.49,65693.47,65681.49,65688.0,2.79218
1784777940000,65688.0,65705.3,65688.0,65701.43,1.96335
1784778000000,65701.43,65701.43,65695.96,65695.97,1.27084
1784778060000,65695.96,65695.96,65681.49,65681.49,2.82563
1784778120000,65681.49,65681.5,65664.0,65664.0,3.99907
1784778180000,65664.01,65667.01,65658.0,65667.01,4.09178
1784778240000,65667.01,65691.79,65667.01,65691.79,1.62749
1784778300000,65691.79,65691.79,65691.78,65691.78,1.09646
1784778360000,65691.78,65691.79,65675.36,65675.36,2.26248
1784778420000,65675.35,65680.0,65669.27,65679.99,7.22603
1784778480000,65680.0,65682.0,65664.73,65664.73,4.48315
1784778540000,65664.74,65681.99,65645.24,65645.24,7.76301
1784778600000,65645.25,65662.37,65645.24,65646.01,4.51229
1784778660000,65646.01,65658.0,65646.0,65648.01,2.79489
1784778720000,65648.02,65687.27,65648.01,65687.27,2.01109
1784778780000,65687.26,65687.26,65680.33,65680.34,1.5042
1784778840000,65680.33,65680.34,65666.07,65666.08,3.1745
1784778900000,65666.07,65666.07,65651.99,65651.99,1.80626
1784778960000,65651.99,65652.0,65650.27,65650.28,0.59313
1784779020000,65650.27,65650.28,65650.27,65650.28,0.53579
1784779080000,65650.27,65667.6,65650.27,65667.6,2.96424
1784779140000,65667.6,65667.6,65662.52,65662.53,1.30788
1784779200000,65662.53,65662.53,65615.95,65625.79,8.79855
1784779260000,65625.78,65635.6,65604.26,65604.27,8.51533
1784779320000,65604.27,65628.0,65604.26,65628.0,4.88724
1784779380000,65628.0,65650.0,65628.0,65629.6,5.00551
1784779440000,65629.6,65649.98,65629.59,65649.98,1.37756
1784779500000,65649.98,65664.0,65649.98,65661.25,5.09375
1784779560000,65661.24,65661.25,65652.02,65652.02,2.07752
1784779620000,65652.03,65652.03,65590.12,65590.14,18.01923
1784779680000,65590.14,65652.41,65590.14,65652.41,4.64686
1784779740000,65652.41,65655.29,65609.82,65620.98,215.60108
1784779800000,65620.97,65645.78,65620.97,65645.0,3.70149
1784779860000,65644.81,65644.81,65626.87,65635.89,13.4338
1784779920000,65635.89,65660.0,65635.89,65660.0,22.34899
1784779980000,65660.0,65670.62,65659.99,65670.61,21.66059
1784780040000,65670.62,65672.0,65670.61,65672.0,3.33312
1784780100000,65672.0,65714.0,65671.99,65680.75,35.23881
1784780160000,65680.75,65693.76,65660.01,65660.01,7.59558
1784780220000,65660.0,65663.0,65651.58,65651.58,3.36055
1784780280000,65651.58,65651.59,65638.23,65638.23,2.31836
1784780340000,65638.24,65638.24,65638.23,65638.24,1.06756
1784780400000,65638.24,65689.69,65638.23,65689.69,5.58284
1784780460000,65689.69,65698.0,65689.68,65693.52,12.49616
1784780520000,65693.53,65698.39,65691.73,65698.38,3.1138
1784780580000,65698.38,65698.39,65698.38,65698.39,2.697
1784780640000,65698.38,65704.57,65698.38,65704.56,14.94326
1784780700000,65704.56,65736.0,65704.56,65736.0,24.30688
1784780760000,65735.99,65738.17,65735.99,65738.17,1.3453
1784780820000,65738.17,65738.99,65712.4,65723.99,9.36879
1784780880000,65723.99,65723.99,65710.65,65715.99,9.11251
1784780940000,65715.99,65720.48,65694.99,65694.99,43.2859
1784781000000,65694.99,65699.82,65666.79,65696.24,8.33024
1784781060000,65696.24,65696.24,65658.0,65658.0,4.2679
1784781120000,65658.0,65663.81,65654.88,65663.8,3.9719
1784781180000,65663.8,65670.26,65657.32,65665.78,5.41215
1784781240000,65665.77,65674.0,65665.77,65670.0,2.2682
1784781300000,65670.0,65676.27,65669.51,65675.91,1.82339
1784781360000,65675.91,65675.91,65650.04,65655.86,49.75147
1784781420000,65655.86,65662.0,65655.86,65662.0,4.05772
1784781480000,65662.0,65662.0,65634.99,65634.99,5.33439
1784781540000,65635.0,65647.79,65634.99,65635.06,4.84062
1784781600000,65635.05,65639.75,65635.05,65639.74,0.99657
1784781660000,65639.75,65639.75,65632.11,65632.11,3.30402
1784781720000,65632.11,65632.12,65624.0,65624.0,2.09997
1784781780000,65624.0,65640.61,65617.07,65627.48,10.59298
1784781840000,65627.48,65631.93,65627.48,65631.93,0.65871
1784781900000,65631.93,65631.93,65620.0,65620.01,5.99773
1784781960000,65620.0,65662.0,65620.0,65657.08,9.38598
1784782020000,65657.09,65677.13,65656.32,65677.12,2.31549
1784782080000,65677.13,65677.13,65658.0,65658.0,3.52082
1784782140000,65658.0,65658.0,65634.0,65634.01,2.08096
1784782200000,65634.01,65634.01,65613.43,65613.44,2.89873
1784782260000,65613.43,65613.44,65608.22,65608.22,2.29453
1784782320000,65608.23,65608.23,65600.0,65600.0,2.07488
1784782380000,65600.01,65613.22,65599.28,65606.11,3.59746
1784782440000,65606.1,65608.38,65604.57,65608.37,1.12155
1784782500000,65608.38,65624.27,65605.62,65605.62,3.34477
1784782560000,65605.62,65605.63,65594.61,65596.73,4.70884
1784782620000,65596.73,65620.5,65596.73,65620.5,1.9992
1784782680000,65620.5,65621.82,65602.3,65602.3,4.37396
1784782740000,65602.31,65616.48,65602.3,65616.48,2.07316
1784782800000,65616.49,65620.44,65592.86,65592.86,5.70259
1784782860000,65592.87,65592.87,65585.66,65585.66,6.63181
1784782920000,65585.66,65585.67,65570.12,65577.08,24.85298
1784782980000,65577.09,65592.87,65574.09,65592.87,2.71221
1784783040000,65592.86,65600.72,65590.39,65594.1,14.91067
1784783100000,65594.09,65606.6,65594.09,65606.59,3.22022
1784783160000,65606.6,65627.65,65606.59,65621.17,3.01504
1784783220000,65621.17,65625.65,65607.35,65621.41,2.46108
1784783280000,65621.41,65624.0,65621.16,65621.16,1.55064
1784783340000,65621.16,65633.99,65621.16,65633.99,5.8863
1784783400000,65634.0,65634.0,65624.0,65624.01,3.15028
1784783460000,65624.01,65624.01,65624.0,65624.0,0.86866
1784783520000,65624.01,65624.01,65595.43,65614.48,5.31996
1784783580000,65614.48,65642.0,65614.48,65642.0,1.97517
1784783640000,65642.0,65646.0,65641.99,65642.63,2.55805
1784783700000,65642.63,65642.64,65633.28,65635.17,2.30837
1784783760000,65635.16,65635.17,65605.09,65605.09,3.42839
1784783820000,65605.09,65634.18,65605.09,65634.18,2.36038
1784783880000,65634.18,65654.0,65634.17,65653.99,4.31881
1784783940000,65654.0,65656.0,65653.99,65656.0,1.07069
1784784000000,65655.99,65673.79,65655.98,65671.19,26.56322
1784784060000,65671.18,65683.88,65668.88,65683.87,5.05313
1784784120000,65683.88,65694.43,65663.16,65663.16,5.76422
1784784180000,65663.16,65663.16,65624.0,65624.0,3.88365
1784784240000,65624.0,65646.77,65618.0,65644.01,4.07099
1784784300000,65644.0,65664.97,65644.0,65664.97,2.61742
1784784360000,65664.96,65696.39,65664.96,65696.39,2.35852
1784784420000,65696.83,65714.46,65696.83,65714.46,1.63536
1784784480000,65714.45,65714.46,65714.45,65714.46,0.72378
1784784540000,65714.45,65724.0,65714.45,65724.0,4.00399
1784784600000,65724.0,65759.99,65724.0,65759.99,6.4117
1784784660000,65760.0,65783.61,65760.0,65782.24,4.19441
1784784720000,65782.23,65797.93,65780.0,65788.01,5.1062
1784784780000,65788.0,65788.0,65772.0,65777.79,7.28762
1784784840000,65777.79,65777.8,65745.62,65747.96,3.81225
1784784900000,65747.95,65747.96,65741.16,65741.17,1.92857
1784784960000,65741.17,65746.43,65730.99,65731.0,4.17509
1784785020000,65730.99,65731.0,65718.99,65719.0,2.35702
1784785080000,65719.0,65724.26,65707.69,65707.7,4.30759
1784785140000,65707.69,65712.37,65707.69,65712.37,1.17767
1784785200000,65712.37,65726.39,65712.36,65726.39,1.55959
1784785260000,65726.39,65736.0,65726.38,65736.0,0.91621
1784785320000,65736.0,65750.06,65735.99,65747.42,2.26799
1784785380000,65747.41,65747.42,65738.72,65738.72,4.30306
1784785440000,65738.73,65738.73,65738.72,65738.72,6.29021
1784785500000,65738.72,65757.34,65738.72,65754.52,3.80098
1784785560000,65754.52,65762.77,65752.0,65756.46,2.86773
1784785620000,65756.47,65763.99,65746.96,65746.96,4.72933
1784785680000,65746.96,65746.97,65731.56,65733.99,2.51949
1784785740000,65733.99,65734.0,65691.73,65691.73,6.23655
1784785800000,65691.73,65691.74,65650.0,65650.0,6.0722
1784785860000,65650.01,65650.01,65650.0,65650.0,2.20544
1784785920000,65650.01,65669.56,65650.0,65668.94,2.32782
1784785980000,65668.95,65671.2,65663.98,65667.25,4.2875
1784786040000,65667.24,65667.25,65650.68,65650.68,1.77433
1784786100000,65650.68,65680.0,65650.68,65679.99,3.84529
1784786160000,65680.0,65698.01,65680.0,65698.0,2.67199
1784786220000,65698.01,65698.01,65698.0,65698.01,1.14111
1784786280000,65698.01,65700.98,65698.01,65700.97,1.14515
1784786340000,65700.98,65700.98,65691.01,65691.01,1.46404
1784786400000,65691.01,65716.2,65691.01,65716.2,3.1109
1784786460000,65716.2,65721.99,65715.45,65715.45,2.50452
1784786520000,65715.45,65717.63,65700.24,65704.16,5.62196
1784786580000,65704.17,65704.17,65687.99,65687.99,4.05729
1784786640000,65687.99,65707.98,65687.77,65701.67,3.52913
1784786700000,65701.67,65716.74,65701.67,65715.99,4.42417
1784786760000,65716.0,65716.74,65704.51,65704.52,4.03242
1784786820000,65704.52,65704.52,65684.53,65684.53,2.42292
1784786880000,65684.53,65684.54,65678.0,65678.0,1.05606
1784786940000,65678.0,65678.01,65665.92,65671.99,4.60324
1784787000000,65672.0,65678.01,65666.72,65666.72,1.39409
1784787060000,65666.72,65666.73,65644.21,65644.21,2.73451
1784787120000,65644.21,65654.0,65628.24,65654.0,4.64441
1784787180000,65653.99,65654.0,65646.03,65650.32,2.24003
1784787240000,65650.32,65674.0,65650.32,65671.84,6.12031
1784787300000,65671.83,65674.0,65671.83,65673.99,0.65342
1784787360000,65674.0,65695.97,65673.99,65691.61,7.52994
1784787420000,65691.61,65691.61,65672.0,65684.63,6.49846
1784787480000,65684.4,65688.89,65671.82,65688.88,4.88391
1784787540000,65688.88,65700.71,65688.88,65700.71,1.39647
1784787600000,65700.71,65727.09,65700.7,65722.39,2.86866
1784787660000,65722.39,65722.39,65705.94,65705.95,2.89085
1784787720000,65705.95,65705.95,65684.19,65684.19,2.46479
1784787780000,65684.2,65684.2,65664.79,65664.79,3.09345
1784787840000,65664.79,65665.65,65625.2,65634.45,7.03515
1784787900000,65634.46,65677.48,65634.46,65672.94,5.31473
1784787960000,65672.94,65688.72,65664.75,65688.72,2.04305
1784788020000,65688.72,65696.0,65688.72,65696.0,0.63172
1784788080000,65695.99,65750.0,65694.01,65741.1,12.72649
1784788140000,65741.1,65751.25,65734.72,65751.25,3.18606
1784788200000,65751.24,65751.25,65732.0,65732.01,2.07361
1784788260000,65732.01,65747.14,65732.0,65747.13,1.43958
1784788320000,65747.13,65747.14,65738.0,65738.01,2.91419
1784788380000,65738.0,65738.01,65732.0,65732.01,1.93996
1784788440000,65732.0,65737.27,65717.19,65717.2,5.33614
1784788500000,65717.2,65717.2,65711.07,65711.08,2.7404
1784788560000,65711.08,65741.99,65711.07,65741.99,3.49813
1784788620000,65741.99,65743.0,65741.99,65742.99,0.70199
1784788680000,65742.99,65742.99,65734.0,65738.64,2.19642
1784788740000,65738.64,65746.15,65738.63,65741.61,2.49516
1784788800000,65741.62,65750.6,65741.61,65750.6,2.07245
1784788860000,65750.6,65761.69,65750.59,65761.69,2.21033
1784788920000,65761.69,65773.14,65761.69,65773.14,1.44751
1784788980000,65773.13,65787.99,65773.13,65784.0,2.82127
1784789040000,65784.0,65784.0,65774.34,65774.34,1.46256
1784789100000,65774.34,65788.0,65772.6,65788.0,1.49992
1784789160000,65788.0,65800.0,65787.99,65800.0,3.85854
1784789220000,65800.0,65803.0,65800.0,65800.01,2.2265
1784789280000,65800.01,65806.0,65800.0,65801.23,1.87248
1784789340000,65801.23,65801.23,65800.99,65801.0,5.03949
1784789400000,65801.0,65801.0,65799.99,65799.99,1.2468
1784789460000,65799.99,65800.0,65799.99,65800.0,0.17654
1784789520000,65800.0,65800.0,65775.15,65781.99,3.47237
1784789580000,65782.0,65821.17,65781.99,65821.16,12.0555
1784789640000,65821.16,65821.17,65804.32,65804.32,7.81158
1784789700000,65804.32,65804.33,65790.37,65790.38,1.32395
1784789760000,65790.37,65790.38,65790.37,65790.37,0.49224
1784789820000,65790.38,65790.38,65790.37,65790.37,2.2327
1784789880000,65790.37,65790.38,65781.55,65781.56,1.81941
1784789940000,65781.56,65790.0,65781.55,65790.0,2.02968
1784790000000,65790.0,65790.0,65740.83,65740.84,4.59772
1784790060000,65740.84,65740.84,65696.01,65696.02,6.99979
1784790120000,65696.02,65729.36,65684.38,65729.36,5.93569
1784790180000,65729.35,65750.0,65729.35,65750.0,1.66077
1784790240000,65749.99,65751.63,65705.61,65712.0,16.89605
1784790300000,65712.01,65718.01,65702.0,65702.0,3.27985
1784790360000,65702.01,65702.01,65688.04,65697.98,4.77211
1784790420000,65697.98,65704.65,65692.71,65692.71,2.09109
1784790480000,65692.72,65694.0,65687.59,65691.99,4.89907
1784790540000,65692.0,65692.0,65680.0,65689.99,2.62824
1784790600000,65690.0,65696.53,65644.0,65644.0,4.29449
1784790660000,65644.0,65644.01,65379.0,65412.04,133.51867
1784790720000,65412.03,65412.03,65351.03,65393.19,24.09466
1784790780000,65393.19,65400.0,65351.02,65361.79,24.38294
1784790840000,65361.78,65465.65,65354.24,65455.92,21.50293
1784790900000,65455.93,65468.0,65436.0,65451.99,8.39035
1784790960000,65452.0,65452.01,65414.0,65451.92,17.29299
1784791020000,65451.93,65479.27,65451.92,65478.22,4.85043
1784791080000,65478.22,65482.95,65461.64,65479.93,7.58063
1784791140000,65479.94,65488.0,65422.5,65456.0,12.08239
1784791200000,65455.99,65456.0,65409.12,65446.5,7.74472
1784791260000,65447.03,65449.45,65432.0,65443.99,9.80525
1784791320000,65444.0,65472.62,65443.99,65464.16,9.73851
1784791380000,65464.91,65464.91,65464.9,65464.9,2.34791
1784791440000,65464.91,65464.91,65424.0,65442.59,7.28056
1784791500000,65442.6,65450.0,65417.59,65450.0,8.57102
1784791560000,65450.0,65450.0,65429.11,65429.12,4.96042
1784791620000,65429.11,65456.07,65420.08,65456.07,16.72884
1784791680000,65456.08,65458.0,65424.01,65424.02,7.07093
1784791740000,65424.02,65436.85,65424.01,65436.85,4.25784
1784791800000,65436.85,65448.77,65427.67,65446.97,8.32719
1784791860000,65446.98,65458.0,65441.5,65456.69,6.96091
1784791920000,65456.69,65456.69,65418.0,65420.09,11.87756
1784791980000,65420.09,65463.82,65420.08,65462.51,11.20411
1784792040000,65462.51,65462.51,65428.0,65428.01,11.48248
1784792100000,65428.0,65446.0,65422.52,65422.53,8.51618
1784792160000,65422.53,65443.32,65422.52,65443.32,4.10837
1784792220000,65443.32,65443.32,65431.65,65443.32,5.93935
1784792280000,65443.32,65454.0,65443.31,65452.7,6.31198
1784792340000,65452.7,65454.0,65437.39,65437.4,7.16157
1784792400000,65437.4,65437.4,65422.69,65422.7,3.18905
1784792460000,65422.7,65443.1,65408.0,65420.01,15.58738
1784792520000,65420.01,65420.01,65389.54,65390.56,7.7436
1784792580000,65390.56,65422.29,65390.55,65422.28,6.91243
1784792640000,65422.29,65422.29,65399.38,65399.39,6.89876
1784792700000,65399.39,65399.39,65372.41,65393.43,18.89824
1784792760000,65393.43,65424.0,65393.42,65424.0,7.28415
1784792820000,65424.0,65424.0,65393.42,65420.04,13.99495
1784792880000,65420.04,65439.48,65420.03,65439.48,7.03315
1784792940000,65439.49,65439.49,65416.01,65416.02,6.91199
1784793000000,65416.02,65416.02,65402.93,65416.02,4.48766
1784793060000,65416.02,65416.02,65390.0,65390.01,4.73268
1784793120000,65390.01,65407.06,65372.12,65398.2,10.62958
1784793180000,65398.2,65403.37,65390.0,65396.01,9.07812
1784793240000,65396.01,65425.77,65396.0,65425.77,4.62359
1784793300000,65425.77,65441.95,65425.76,65441.95,5.94889
1784793360000,65441.95,65448.23,65441.94,65448.23,3.86197
1784793420000,65448.24,65459.99,65448.23,65457.99,3.23925
1784793480000,65458.0,65460.6,65446.25,65448.13,7.50972
1784793540000,65448.12,65451.2,65442.12,65442.13,4.78688
1784793600000,65442.12,65445.98,65434.53,65445.97,5.81958
1784793660000,65445.98,65464.89,65445.97,65449.46,11.92381
1784793720000,65449.45,65449.45,65422.16,65422.16,7.28276
1784793780000,65422.15,65480.0,65419.75,65469.65,8.67217
1784793840000,65469.65,65478.0,65431.99,65432.0,103.64589
1784793900000,65432.0,65465.66,65431.99,65465.66,107.23741
1784793960000,65465.66,65475.88,65465.18,65475.88,2.123
1784794020000,65475.87,65500.03,65475.87,65493.94,54.98342
1784794080000,65493.94,65522.88,65493.93,65520.24,4.54671
1784794140000,65520.25,65526.0,65509.87,65509.88,3.54064
1784794200000,65509.88,65524.32,65509.87,65524.32,3.21014
1784794260000,65524.31,65566.0,65524.31,65564.1,4.56129
1784794320000,65564.11,65564.11,65544.0,65552.0,3.73822
1784794380000,65552.0,65552.0,65551.99,65552.0,1.16938
1784794440000,65552.0,65552.0,65538.0,65538.01,3.52627
1784794500000,65538.0,65540.8,65533.12,65533.12,3.94051
1784794560000,65533.13,65537.43,65517.14,65537.43,8.99321
1784794620000,65537.44,65574.24,65537.44,65562.15,8.03384
1784794680000,65562.14,65580.16,65562.14,65580.15,2.9795
1784794740000,65580.16,65580.16,65580.0,65580.0,3.41911
1784794800000,65580.01,65605.34,65580.0,65588.47,17.34734
1784794860000,65588.48,65588.48,65542.34,65542.34,6.8654
1784794920000,65542.35,65554.41,65536.0,65550.65,9.21324
1784794980000,65550.65,65550.65,65532.84,65532.85,3.63827
1784795040000,65532.85,65532.85,65532.39,65532.85,1.09027
1784795100000,65532.84,65532.85,65510.41,65521.99,15.25891
1784795160000,65521.99,65539.63,65521.99,65539.63,1.44691
1784795220000,65539.63,65557.81,65539.62,65557.81,4.03813
1784795280000,65557.81,65577.28,65557.8,65573.6,6.35832
1784795340000,65573.59,65595.06,65573.59,65595.06,2.51404
1784795400000,65595.05,65641.36,65595.05,65641.36,5.02915
1784795460000,65641.37,65665.99,65628.81,65640.36,8.73919
1784795520000,65640.36,65640.36,65604.96,65604.96,3.71345
1784795580000,65604.97,65621.83,65596.6,65621.83,5.82004
1784795640000,65621.83,65629.65,65618.03,65629.65,2.07995
1784795700000,65629.64,65648.04,65626.18,65626.19,3.98784
1784795760000,65626.18,65637.21,65626.18,65637.21,1.22257
1784795820000,65637.22,65637.22,65625.5,65625.51,1.73702
1784795880000,65625.5,65625.5,65613.99,65624.4,6.11903
1784795940000,65624.41,65624.41,65612.89,65612.9,1.99819
1784796000000,65612.9,65612.9,65596.0,65596.0,2.29539
1784796060000,65596.0,65617.82,65596.0,65617.53,11.85637
1784796120000,65617.53,65617.53,65608.01,65617.52,1.85169
1784796180000,65617.52,65645.45,65617.52,65645.45,4.69777
1784796240000,65645.45,65645.45,65635.85,65635.86,1.50031
1784796300000,65635.86,65635.86,65628.26,65633.91,7.08402
1784796360000,65633.91,65639.56,65633.91,65639.56,3.69703
1784796420000,65639.57,65645.45,65639.56,65645.45,2.89756
1784796480000,65645.45,65650.0,65645.45,65650.0,3.1454
1784796540000,65649.99,65650.0,65633.99,65633.99,22.26959
1784796600000,65634.0,65638.63,65610.0,65622.01,26.62149
1784796660000,65622.01,65624.0,65610.0,65615.34,3.08155
1784796720000,65615.35,65618.0,65600.0,65600.01,4.38167
1784796780000,65600.0,65611.99,65600.0,65611.99,2.47822
1784796840000,65611.99,65635.01,65611.98,65635.01,7.98637
1784796900000,65635.0,65635.0,65618.53,65618.54,8.74935
1784796960000,65618.54,65635.05,65618.53,65635.05,2.78391
1784797020000,65635.04,65641.75,65628.0,65638.0,4.91765
1784797080000,65638.0,65639.73,65633.95,65639.72,3.26064
1784797140000,65639.73,65661.06,65632.99,65633.0,30.10743
1784797200000,65632.99,65632.99,65618.53,65618.54,32.03247
1784797260000,65618.53,65639.44,65608.18,65634.0,4.05993
1784797320000,65634.0,65664.0,65633.99,65660.99,5.17009
1784797380000,65661.0,65701.81,65660.99,65697.66,7.21825
1784797440000,65697.66,65724.25,65697.66,65724.25,5.29066
1784797500000,65724.24,65741.09,65708.66,65720.71,13.61914
1784797560000,65720.71,65722.73,65702.18,65711.77,2.74921
1784797620000,65711.77,65711.78,65704.81,65704.82,2.28307
1784797680000,65704.82,65704.82,65701.07,65701.08,2.17653
1784797740000,65701.08,65726.01,65678.5,65726.01,36.34191
1784797800000,65726.0,65726.0,65688.18,65714.85,48.82025
1784797860000,65715.04,65719.83,65698.0,65698.0,2.74785
1784797920000,65698.01,65699.33,65686.03,65686.04,9.05681
1784797980000,65686.03,65686.04,65662.01,65675.48,6.87879
1784798040000,65675.48,65678.84,65675.14,65678.83,1.46383
1784798100000,65678.84,65678.84,65668.35,65675.51,6.37404
1784798160000,65675.5,65688.24,65675.5,65688.23,4.30761
1784798220000,65688.24,65707.99,65682.01,65707.98,5.82153
1784798280000,65707.99,65724.0,65702.8,65722.4,6.74437
1784798340000,65722.4,65722.4,65720.0,65722.4,1.85521
1784798400000,65722.39,65744.0,65722.39,65744.0,3.71883
1784798460000,65744.0,65757.99,65732.5,65732.5,5.44393
1784798520000,65732.51,65732.51,65718.49,65718.49,4.30393
1784798580000,65718.49,65718.49,65708.9,65714.43,4.54346
1784798640000,65714.43,65716.0,65709.81,65710.32,3.00661
1784798700000,65710.31,65725.13,65705.33,65725.12,3.38675
1784798760000,65725.12,65727.99,65722.39,65727.99,3.10996
1784798820000,65727.99,65728.0,65727.99,65727.99,1.3265
1784798880000,65728.0,65736.88,65727.99,65736.88,5.37896
1784798940000,65736.87,65739.87,65708.99,65709.0,58.27238
1784799000000,65709.0,65741.34,65708.99,65720.01,68.3482
1784799060000,65720.01,65737.56,65720.01,65737.56,3.49545
1784799120000,65737.55,65737.56,65731.61,65731.61,2.068
1784799180000,65731.61,65731.61,65719.84,65719.84,3.18036
1784799240000,65719.85,65719.85,65695.16,65710.0,10.17227
1784799300000,65710.0,65710.01,65700.01,65700.02,8.52007
1784799360000,65700.01,65700.36,65700.01,65700.35,1.38151
1784799420000,65700.36,65714.3,65691.37,65714.3,12.26826
1784799480000,65714.29,65714.29,65706.4,65708.43,1.25539
1784799540000,65708.43,65710.0,65708.42,65709.99,1.63075
1784799600000,65709.99,65710.0,65709.99,65710.0,0.70781
1784799660000,65710.0,65711.95,65710.0,65711.95,1.17697
1784799720000,65711.94,65726.0,65711.94,65726.0,3.00389
1784799780000,65725.99,65730.0,65714.33,65725.99,3.46349
1784799840000,65725.98,65731.61,65725.98,65731.61,2.72863
1784799900000,65731.6,65732.0,65728.06,65732.0,21.1718
1784799960000,65731.99,65732.0,65714.0,65714.0,2.84037
1784800020000,65714.01,65714.01,65710.04,65712.37,1.16215
1784800080000,65712.37,65712.37,65701.09,65701.1,10.99639
1784800140000,65701.1,65707.47,65696.01,65700.16,8.48184
1784800200000,65700.16,65707.0,65700.16,65707.0,1.14132
1784800260000,65707.0,65707.0,65674.0,65676.84,11.42471
1784800320000,65676.83,65677.0,65672.53,65676.99,2.78772
1784800380000,65677.0,65702.0,65676.99,65702.0,9.3012
1784800440000,65702.0,65702.0,65675.99,65675.99,1.76189
1784800500000,65675.99,65676.0,65668.36,65673.99,1.4709
1784800560000,65673.99,65674.0,65670.27,65670.28,1.4567
1784800620000,65670.28,65671.56,65670.27,65671.56,1.68668
1784800680000,65671.56,65671.56,65622.31,65625.28,4.9393
1784800740000,65625.28,65638.92,65625.27,65638.92,3.64219
1784800800000,65638.92,65648.0,65589.69,65589.69,6.65756
1784800860000,65589.7,65606.0,65589.69,65605.99,11.63537
1784800920000,65606.0,65636.0,65605.99,65636.0,3.4602
1784800980000,65635.99,65647.99,65625.36,65647.99,3.41767
1784801040000,65647.98,65663.21,65647.98,65663.2,1.20629
1784801100000,65663.21,65716.07,65663.2,65697.27,10.49289
1784801160000,65697.26,65697.27,65676.0,65676.01,5.84637
1784801220000,65676.01,65695.81,65669.98,65695.81,4.21513
1784801280000,65695.81,65695.81,65674.0,65674.01,6.26544
1784801340000,65674.0,65693.1,65670.6,65693.1,15.16873
1784801400000,65693.09,65700.0,65693.09,65693.41,3.63177
1784801460000,65693.4,65706.57,65693.4,65700.01,10.37288
1784801520000,65700.0,65708.58,65700.0,65708.57,2.64119
1784801580000,65708.58,65711.0,65694.53,65710.99,4.92988
1784801640000,65710.99,65721.56,65710.99,65721.56,2.58693
1784801700000,65721.56,65728.0,65716.96,65727.72,2.6526
1784801760000,65727.72,65727.72,65709.08,65727.71,4.20704
1784801820000,65727.72,65727.72,65710.21,65710.21,5.07861
1784801880000,65710.22,65711.92,65700.87,65711.92,2.33774
1784801940000,65711.91,65711.92,65711.91,65711.92,0.47267
1784802000000,65711.91,65711.91,65684.28,65684.29,2.21167
1784802060000,65684.29,65689.55,65679.77,65689.54,4.1582
1784802120000,65689.55,65704.0,65689.54,65704.0,1.23517
1784802180000,65704.0,65704.32,65689.71,65695.37,3.51846
1784802240000,65695.36,65710.53,65695.36,65710.53,2.39021
1784802300000,65710.53,65719.95,65710.52,65719.95,1.77065
1784802360000,65719.95,65750.0,65719.94,65749.99,8.5598
1784802420000,65750.0,65762.0,65749.99,65756.73,4.27955
1784802480000,65756.72,65763.59,65756.72,65758.31,3.12169
1784802540000,65758.31,65764.0,65758.31,65763.99,1.81313
1784802600000,65764.0,65789.14,65751.55,65768.01,21.1289
1784802660000,65768.01,65783.87,65768.0,65783.86,2.62277
1784802720000,65783.86,65783.86,65764.0,65764.0,5.29841
1784802780000,65764.0,65768.0,65763.95,65763.96,3.15345
1784802840000,65763.96,65763.96,65746.0,65746.01,3.79928
1784802900000,65746.01,65756.0,65746.0,65756.0,2.14132
1784802960000,65756.0,65775.22,65755.99,65775.22,6.42648
1784803020000,65775.21,65778.0,65775.21,65777.99,2.17296
1784803080000,65777.99,65777.99,65775.02,65775.02,5.45211
1784803140000,65775.02,65775.03,65768.0,65768.01,1.91462
1784803200000,65768.01,65774.0,65768.0,65774.0,2.9979
1784803260000,65773.99,65778.73,65773.99,65778.73,6.10564
1784803320000,65778.73,65778.84,65778.72,65778.84,5.37212
1784803380000,65778.83,65778.84,65772.56,65772.57,5.71183
1784803440000,65772.57,65782.0,65772.57,65781.99,3.7388
1784803500000,65782.0,65785.0,65782.0,65784.99,3.70904
1784803560000,65784.99,65785.0,65784.99,65784.99,0.88907
1784803620000,65785.0,65785.0,65768.0,65773.28,3.92288
1784803680000,65773.27,65784.0,65773.27,65783.99,10.73417
1784803740000,65783.99,65790.88,65783.99,65790.87,6.93945
1784803800000,65790.87,65792.09,65783.42,65783.43,9.54449
1784803860000,65783.43,65783.43,65757.4,65757.41,14.64186
1784803920000,65757.41,65757.41,65738.01,65740.64,4.00041
1784803980000,65740.65,65746.0,65740.65,65745.99,3.3778
1784804040000,65745.99,65746.0,65729.06,65729.07,4.14295
1784804100000,65729.07,65739.87,65729.06,65730.59,5.61015
1784804160000,65730.6,65740.0,65730.0,65739.99,2.16254
1784804220000,65740.0,65740.0,65722.43,65722.43,12.98781
1784804280000,65722.44,65722.44,65722.43,65722.43,0.46692
1784804340000,65722.44,65740.01,65722.43,65740.0,12.69207
1784804400000,65740.0,65740.01,65737.37,65737.38,1.20794
1784804460000,65737.37,65737.38,65715.79,65715.79,6.27914
1784804520000,65715.79,65715.8,65694.0,65705.71,3.26316
1784804580000,65705.71,65705.71,65692.65,65693.36,12.17544
1784804640000,65693.35,65693.36,65693.35,65693.35,0.64375
1784804700000,65693.35,65693.36,65664.0,65669.27,6.91018
1784804760000,65669.26,65690.0,65669.26,65690.0,3.83563
1784804820000,65690.0,65690.0,65689.99,65690.0,1.15354
1784804880000,65689.99,65690.0,65675.64,65679.91,3.25677
1784804940000,65679.91,65679.91,65662.6,65664.02,1.82063
1784805000000,65664.03,65675.32,65664.02,65675.31,3.22852
1784805060000,65675.32,65694.0,65675.31,65693.99,2.32936
1784805120000,65693.99,65700.0,65693.99,65699.99,0.85528
1784805180000,65700.0,65700.0,65689.76,65689.87,7.43836
1784805240000,65689.87,65713.22,65689.87,65713.21,1.65127
1784805300000,65713.22,65719.45,65713.21,65719.45,2.82253
1784805360000,65719.44,65719.45,65719.44,65719.45,0.97641
1784805420000,65719.44,65719.45,65686.02,65686.03,3.23261
1784805480000,65686.02,65690.13,65681.38,65690.12,1.24731
1784805540000,65690.13,65690.13,65690.12,65690.12,0.39678
1784805600000,65690.12,65690.13,65674.22,65674.23,2.14073
1784805660000,65674.22,65674.23,65668.32,65674.22,2.5353
1784805720000,65674.22,65674.23,65660.0,65663.4,7.12074
1784805780000,65663.39,65663.4,65632.0,65632.59,5.73881
1784805840000,65632.58,65647.15,65626.0,65647.14,2.88204
1784805900000,65647.14,65647.14,65640.68,65640.69,6.44185
1784805960000,65640.69,65641.77,65640.68,65641.76,1.03057
1784806020000,65641.77,65656.0,65641.76,65656.0,1.51448
1784806080000,65655.99,65656.0,65655.99,65656.0,1.06747
1784806140000,65656.0,65656.0,65626.07,65626.08,9.72372
1784806200000,65626.08,65626.08,65616.2,65616.2,9.22379
1784806260000,65616.2,65626.08,65610.0,65626.08,6.67684
1784806320000,65626.07,65639.41,65614.43,65614.44,3.41739
1784806380000,65614.44,65614.45,65606.0,65606.0,4.75949
1784806440000,65606.0,65628.0,65605.32,65627.99,1.52243
1784806500000,65627.99,65628.0,65587.99,65593.72,5.32676
1784806560000,65593.72,65620.0,65593.71,65605.6,6.26541
1784806620000,65605.6,65605.6,65593.72,65594.01,2.72127
1784806680000,65594.02,65595.37,65588.12,65588.12,1.8295
1784806740000,65588.13,65588.13,65585.51,65585.52,3.6818
1784806800000,65585.51,65585.52,65556.07,65557.25,6.52474
1784806860000,65557.26,65563.7,65550.06,65555.26,7.77043
1784806920000,65555.26,65580.0,65555.26,65580.0,12.45251
1784806980000,65579.99,65580.0,65557.11,65565.99,2.46233
1784807040000,65566.0,65566.0,65557.14,65557.14,0.9316
1784807100000,65557.15,65571.69,65557.14,65568.01,3.02539
1784807160000,65568.01,65568.01,65555.25,65555.26,1.963
1784807220000,65555.25,65555.26,65540.93,65543.99,4.35993
1784807280000,65544.0,65582.0,65543.99,65572.24,6.90471
1784807340000,65572.23,65572.24,65564.06,65564.06,3.46633
1784807400000,65564.06,65576.0,65564.06,65564.07,6.0721
1784807460000,65564.07,65564.07,65564.06,65564.07,0.79728
1784807520000,65564.07,65632.04,65562.72,65603.05,25.77934
1784807580000,65603.05,65603.61,65580.91,65580.91,4.57347
1784807640000,65580.92,65590.0,65571.82,65571.82,3.84106
1784807700000,65571.83,65571.83,65560.62,65560.63,7.2979
1784807760000,65560.63,65560.63,65542.55,65542.56,4.06895
1784807820000,65542.55,65551.29,65542.55,65551.29,5.93326
1784807880000,65551.29,65551.29,65551.28,65551.28,0.55756
1784807940000,65551.29,65555.22,65551.28,65555.21,1.75138
1784808000000,65555.21,65555.22,65533.41,65533.41,2.52101
1784808060000,65533.41,65533.42,65511.44,65518.83,36.45072
1784808120000,65518.83,65539.9,65518.82,65533.99,5.40301
1784808180000,65533.99,65560.0,65533.99,65559.99,3.34491
1784808240000,65560.0,65584.0,65560.0,65564.36,4.84489
1784808300000,65564.36,65589.41,65539.4,65539.41,15.88314
1784808360000,65539.4,65539.41,65522.89,65535.27,3.79876
1784808420000,65535.28,65535.28,65519.49,65526.03,12.41044
1784808480000,65526.04,65527.8,65500.0,65500.0,7.10854
1784808540000,65500.0,65500.01,65490.0,65495.99,5.98512
1784808600000,65495.99,65496.0,65470.03,65470.03,2.80475
1784808660000,65470.04,65516.0,65470.04,65516.0,9.8901
1784808720000,65515.99,65516.0,65503.68,65506.0,2.40194
1784808780000,65506.01,65524.0,65506.0,65523.99,2.07765
1784808840000,65524.0,65524.0,65511.63,65513.39,1.87939
1784808900000,65513.4,65514.0,65498.0,65508.19,21.34399
1784808960000,65508.19,65508.19,65412.79,65415.08,51.43294
1784809020000,65415.09,65486.0,65415.09,65485.99,21.16169
1784809080000,65485.99,65486.0,65444.0,65444.0,2.23698
1784809140000,65444.01,65458.93,65425.0,65425.01,32.76103
1784809200000,65425.01,65447.37,65378.19,65447.37,21.95272
1784809260000,65447.37,65486.0,65447.37,65486.0,5.12905
1784809320000,65485.99,65515.94,65485.99,65507.39,8.45824
1784809380000,65507.38,65507.38,65477.51,65477.52,3.06911
1784809440000,65477.51,65477.52,65420.41,65420.42,12.27867
1784809500000,65420.42,65443.21,65420.41,65435.99,15.32338
1784809560000,65436.0,65443.89,65435.99,65436.0,8.45325
1784809620000,65436.01,65463.36,65436.0,65456.09,4.16273
1784809680000,65456.09,65456.09,65415.24,65415.24,12.13732
1784809740000,65415.24,65422.03,65415.23,65422.03,6.75847
1784809800000,65422.03,65422.03,65394.0,65394.02,17.81755
1784809860000,65394.01,65394.02,65362.99,65388.65,12.46598
1784809920000,65388.66,65399.55,65368.0,65370.01,23.27708
1784809980000,65370.01,65370.01,65267.2,65267.2,38.74027
1784810040000,65267.21,65290.26,65243.47,65288.58,18.56721
1784810100000,65288.58,65296.0,65272.5,65276.01,26.18396
1784810160000,65276.02,65276.02,65168.0,65169.83,26.64496
1784810220000,65169.83,65178.19,65151.0,65170.01,18.24976
1784810280000,65170.0,65184.64,65154.0,65160.0,15.04463
1784810340000,65160.0,65166.0,65150.0,65166.0,9.52271
1784810400000,65165.99,65166.0,65131.2,65161.96,31.0683
1784810460000,65161.96,65161.96,65128.93,65140.54,15.01771
1784810520000,65140.54,65141.19,65095.09,65096.51,33.62659
1784810580000,65096.51,65179.14,65096.5,65138.5,35.00995
1784810640000,65138.5,65138.5,65094.24,65115.99,14.64834
1784810700000,65116.0,65120.41,65072.01,65104.54,43.99569
1784810760000,65104.54,65111.37,65051.18,65055.1,23.07613
1784810820000,65055.1,65064.95,64988.05,65003.04,172.08844
1784810880000,65003.05,65120.25,64991.36,65115.37,29.71165
1784810940000,65115.37,65164.21,65115.37,65150.35,22.28892
1784811000000,65150.34,65178.22,65144.59,65178.0,9.53541
1784811060000,65178.0,65264.21,65178.0,65252.75,14.03447
1784811120000,65252.75,65256.42,65188.06,65212.9,14.48611
1784811180000,65212.9,65258.56,65212.89,65222.65,15.6037
1784811240000,65222.66,65234.01,65215.99,65234.0,12.35591
1784811300000,65234.01,65234.01,65218.67,65220.25,8.89076
1784811360000,65220.24,65221.29,65210.0,65210.01,4.91395
1784811420000,65210.01,65214.18,65207.0,65207.01,7.71815
1784811480000,65207.01,65213.68,65144.0,65144.0,10.24035
1784811540000,65144.01,65172.0,65130.89,65167.04,11.92765
1784811600000,65167.05,65221.29,65145.82,65221.28,10.34369
1784811660000,65221.28,65221.29,65174.3,65196.7,10.16309
1784811720000,65196.69,65205.99,65166.0,65174.53,14.41839
1784811780000,65174.53,65203.57,65157.11,65178.02,7.55513
1784811840000,65178.02,65186.0,65120.0,65123.04,9.98254
1784811900000,65123.03,65123.04,65070.01,65070.01,10.86468
1784811960000,65070.0,65070.01,65039.0,65052.01,22.08538
1784812020000,65052.0,65107.89,65052.0,65104.67,15.10164
1784812080000,65104.66,65122.69,65059.12,65062.89,12.45606
1784812140000,65062.88,65087.79,65025.0,65025.0,13.16928
1784812200000,65025.0,65039.99,65012.0,65039.99,9.10476
1784812260000,65039.99,65055.42,65030.01,65030.02,10.5114
1784812320000,65030.01,65076.0,65016.18,65061.72,19.82456
1784812380000,65061.72,65076.51,65033.67,65039.13,14.0954
1784812440000,65039.13,65040.34,65016.22,65040.34,10.05635
1784812500000,65040.33,65054.55,65028.38,65028.38,6.6351
1784812560000,65028.38,65042.0,65025.35,65039.99,12.68817
1784812620000,65039.99,65070.0,65018.91,65069.99,11.59237
1784812680000,65069.99,65070.0,65016.18,65022.44,11.6583
1784812740000,65022.43,65031.21,64992.56,65031.21,24.57785
1784812800000,65031.21,65085.99,65020.0,65083.68,10.6732
1784812860000,65083.68,65094.01,65074.0,65093.99,6.43723
1784812920000,65093.99,65099.78,65070.01,65070.01,11.21515
1784812980000,65070.0,65070.01,65050.0,65060.0,8.92469
1784813040000,65059.99,65074.0,65058.15,65058.15,7.30814
1784813100000,65058.16,65075.2,65024.27,65024.27,30.22536
1784813160000,65024.27,65024.28,64968.17,64992.04,15.39443
1784813220000,64992.03,65037.97,64947.95,65016.63,17.50347
1784813280000,65016.63,65045.9,65016.63,65024.55,18.36296
1784813340000,65024.55,65024.56,64994.36,65019.33,15.95964
1784813400000,65019.33,65115.0,65019.33,65072.0,30.67026
1784813460000,65071.99,65111.0,65037.99,65103.99,16.26482
1784813520000,65104.0,65160.0,65084.32,65150.0,16.85927
1784813580000,65150.01,65190.0,65144.0,65186.02,12.87133
1784813640000,65186.02,65200.0,65160.02,65187.16,13.13031
1784813700000,65187.15,65192.41,65164.0,65164.0,10.01607
1784813760000,65164.0,65164.0,65076.0,65085.34,19.57667
1784813820000,65085.35,65132.56,65028.0,65055.15,15.55258
1784813880000,65055.15,65072.0,64969.7,64974.88,18.31465
1784813940000,64974.87,65000.0,64963.69,65000.0,16.80992
1784814000000,64999.99,65058.0,64999.99,65019.29,16.90538
1784814060000,65019.29,65088.0,65018.0,65083.99,13.06483
1784814120000,65084.0,65118.0,65071.11,65074.06,12.17254
1784814180000,65074.06,65101.22,65048.93,65086.5,24.6997
1784814240000,65086.51,65097.96,65060.0,65092.0,10.24329
1784814300000,65092.0,65100.0,65042.02,65042.02,28.30896
1784814360000,65042.02,65048.0,64988.0,64998.01,21.79503
1784814420000,64998.01,64998.01,64908.0,64942.0,19.08119
1784814480000,64942.0,64962.0,64863.63,64898.01,62.48314
1784814540000,64898.0,64966.0,64898.0,64965.0,15.83934
1784814600000,64965.0,64966.0,64901.89,64945.16,16.7162
1784814660000,64945.16,64946.0,64863.62,64863.62,17.28168
1784814720000,64863.63,64918.56,64863.62,64915.99,25.38885
1784814780000,64915.99,65009.8,64909.61,65004.0,20.22286
1784814840000,65004.01,65152.0,64996.8,65090.01,53.53556
1784814900000,65090.01,65112.0,65076.24,65083.99,20.06626
1784814960000,65084.0,65088.0,65016.0,65016.01,17.7381
1784815020000,65016.01,65016.01,64944.03,64964.14,22.03111
1784815080000,64964.15,64964.15,64894.0,64939.94,19.9397
1784815140000,64939.95,64939.95,64880.0,64880.0,13.21747
1784815200000,64880.0,64922.01,64880.0,64884.18,25.24943
1784815260000,64884.17,64900.98,64880.0,64880.01,20.04962
1784815320000,64880.01,64946.45,64844.0,64938.0,43.31727
1784815380000,64938.01,64948.25,64906.0,64909.99,29.37349
1784815440000,64909.99,64955.84,64909.99,64955.84,19.33815
1784815500000,64955.99,64962.6,64930.0,64962.6,18.63799
1784815560000,64962.6,64965.1,64932.15,64949.99,14.70572
1784815620000,64950.0,64968.15,64940.0,64950.07,15.05125
1784815680000,64950.06,64966.0,64897.03,64900.39,21.36654
1784815740000,64900.38,64912.0,64822.13,64911.99,51.99358
1784815800000,64912.0,64973.0,64912.0,64972.98,22.43458
1784815860000,64972.98,65020.77,64938.75,65020.77,36.28909
1784815920000,65020.76,65056.07,65020.76,65056.06,31.11863
1784815980000,65056.06,65081.64,65047.1,65053.54,11.88433
1784816040000,65053.54,65068.0,65027.74,65049.99,22.10586
1784816100000,65050.0,65080.0,65042.0,65042.0,17.97807
1784816160000,65042.01,65060.62,65042.0,65042.55,9.33916
1784816220000,65042.55,65067.84,65016.0,65067.84,35.85281
1784816280000,65067.84,65079.32,65050.54,65052.15,12.78303
1784816340000,65052.15,65087.75,65030.01,65087.74,12.48257
1784816400000,65087.74,65120.45,65087.74,65093.51,26.76552
1784816460000,65093.51,65169.97,65084.0,65165.43,13.14475
1784816520000,65165.44,65216.24,65147.0,65191.77,27.71347
1784816580000,65191.76,65198.02,65145.37,65149.0,17.97702
1784816640000,65149.0,65156.0,65127.29,65136.39,19.23462
1784816700000,65136.38,65174.0,65120.94,65166.01,7.29767
1784816760000,65166.01,65166.01,65128.42,65140.0,9.96668
1784816820000,65140.0,65160.14,65102.93,65160.13,33.85521
1784816880000,65160.14,65160.14,65110.0,65110.0,16.7889
1784816940000,65110.0,65150.1,65104.0,65150.1,12.64632
1784817000000,65150.09,65159.5,65116.0,65135.58,6.95488
1784817060000,65135.57,65158.68,65100.01,65100.01,8.54808
1784817120000,65100.0,65100.01,65050.01,65062.25,10.67692
1784817180000,65062.26,65067.25,65028.6,65042.0,26.83182
1784817240000,65042.01,65076.0,65042.0,65073.38,6.55978
1784817300000,65073.38,65073.39,65049.94,65050.87,11.19513
1784817360000,65050.87,65067.86,65046.56,65067.85,8.08608
1784817420000,65067.85,65209.5,65067.85,65204.84,23.79292
1784817480000,65204.84,65207.54,65164.3,65175.12,15.66529
1784817540000,65175.13,65190.0,65155.95,65171.99,12.12307
1784817600000,65171.99,65183.98,65138.01,65138.01,12.24682
1784817660000,65138.0,65138.0,65093.05,65093.05,11.7162
1784817720000,65093.05,65093.06,65029.78,65029.78,11.78793
1784817780000,65029.79,65029.79,65019.44,65019.98,22.01676
1784817840000,65019.97,65034.61,65019.97,65029.94,11.18023
1784817900000,65029.93,65029.94,64996.12,64996.12,30.483
1784817960000,64996.13,65019.03,64996.12,64999.77,10.30765
1784818020000,64999.77,65024.87,64982.85,64982.85,20.29659
1784818080000,64982.85,64982.85,64954.0,64956.37,22.63444
1784818140000,64956.38,64958.97,64924.32,64930.0,9.11811
1784818200000,64929.99,64946.5,64851.51,64920.0,41.32124
1784818260000,64920.0,64932.64,64899.39,64904.45,14.45895
1784818320000,64904.45,64940.0,64900.29,64925.94,10.79969
1784818380000,64925.94,64925.94,64870.03,64870.04,22.41142
1784818440000,64870.04,64875.45,64847.31,64860.14,22.52773
1784818500000,64860.14,64889.28,64849.77,64857.42,18.22669
1784818560000,64857.42,64882.44,64857.41,64875.99,11.74586
1784818620000,64875.98,64884.0,64872.62,64884.0,8.20065
1784818680000,64883.99,64892.83,64876.0,64880.0,19.18742
1784818740000,64880.0,64910.0,64876.0,64909.99,4.74105
1784818800000,64910.0,64922.63,64891.78,64910.0,21.41315
1784818860000,64909.99,64910.0,64879.53,64879.53,12.60848
1784818920000,64879.53,64900.44,64874.12,64874.12,8.58747
1784818980000,64874.13,64879.54,64844.84,64866.01,26.92026
1784819040000,64866.01,64885.85,64852.0,64885.85,8.1705
1784819100000,64885.84,64885.85,64851.87,64851.87,8.25934
1784819160000,64851.87,64859.15,64800.0,64858.45,53.65341
1784819220000,64858.45,64898.0,64810.68,64880.54,42.79883
1784819280000,64880.54,64880.54,64823.34,64823.35,15.20203
1784819340000,64823.35,64851.08,64822.12,64822.13,21.07262
1784819400000,64822.12,64832.0,64799.0,64822.23,41.70386
1784819460000,64822.24,64822.24,64767.08,64776.91,30.4932
1784819520000,64776.91,64785.39,64744.88,64767.97,49.27569
1784819580000,64767.98,64794.49,64744.79,64744.8,28.74507
1784819640000,64744.8,64783.8,64728.0,64772.01,29.25567
1784819700000,64772.01,64805.99,64764.0,64786.0,20.11083
1784819760000,64786.0,64829.18,64785.99,64817.27,21.47307
1784819820000,64817.27,64850.0,64807.95,64848.57,21.91424
1784819880000,64848.57,64870.0,64845.0,64858.0,25.82585
1784819940000,64858.0,64880.54,64858.0,64879.99,17.75052
1784820000000,64879.99,64902.92,64879.99,64893.12,14.60632
1784820060000,64893.25,64908.78,64893.25,64907.06,13.78307
1784820120000,64907.06,64956.89,64830.6,64846.42,50.59754
1784820180000,64846.42,64886.73,64846.42,64879.33,19.30839
1784820240000,64879.34,64951.99,64876.33,64944.01,18.15562
1784820300000,64944.01,64956.46,64930.46,64932.27,15.91426
1784820360000,64932.27,64932.28,64905.98,64905.99,16.53662
1784820420000,64905.99,64905.99,64885.51,64889.94,5.20733
1784820480000,64889.95,64912.0,64881.67,64881.68,17.72369
1784820540000,64881.68,64881.68,64862.0,64870.01,6.60429
1784820600000,64870.0,64874.0,64848.16,64848.17,22.16666
1784820660000,64848.16,64885.99,64825.05,64879.32,12.26919
1784820720000,64879.32,64920.0,64879.31,64914.38,13.08353
1784820780000,64914.38,64928.88,64908.77,64920.0,11.20288
1784820840000,64920.01,64920.01,64904.86,64912.43,15.14862
1784820900000,64912.43,64942.4,64912.42,64934.69,9.25948
1784820960000,64934.69,64934.69,64880.13,64893.96,17.71198
1784821020000,64893.96,64932.0,64865.97,64922.01,25.30006
1784821080000,64922.01,64956.89,64922.0,64956.89,9.94193
1784821140000,64956.89,64957.0,64947.85,64955.99,3.63653
1784821200000,64955.99,64984.0,64950.0,64950.0,11.63557
1784821260000,64950.0,64960.0,64931.7,64960.0,11.6214
1784821320000,64959.99,64978.27,64938.86,64938.87,8.12979
1784821380000,64938.86,64942.0,64928.14,64928.15,7.59125
1784821440000,64928.14,64928.15,64908.89,64909.24,11.4246
1784821500000,64909.23,64913.9,64892.0,64906.11,20.545
1784821560000,64906.12,64906.12,64868.06,64868.06,12.52322
1784821620000,64868.06,64893.57,64868.06,64893.57,11.60475
1784821680000,64893.56,64922.17,64893.56,64922.17,7.61924
1784821740000,64922.17,64981.28,64922.16,64978.69,11.90275
1784821800000,64978.68,65022.48,64966.0,65022.47,36.35248
1784821860000,65022.48,65023.68,64988.0,64988.0,27.93402
1784821920000,64988.0,64995.94,64957.63,64957.63,10.68038
1784821980000,64957.63,64957.63,64951.05,64951.06,5.4156
1784822040000,64951.05,64969.76,64951.05,64959.99,16.71901
1784822100000,64960.0,64994.0,64960.0,64990.97,19.27917
1784822160000,64990.96,65002.0,64966.82,64992.34,19.21781
1784822220000,64992.34,64992.35,64970.0,64970.01,5.1503
1784822280000,64970.0,64970.01,64961.16,64963.89,3.92726
1784822340000,64963.9,64963.9,64957.14,64958.36,4.78955
1784822400000,64958.37,64961.15,64946.13,64947.29,9.30558
1784822460000,64947.29,64947.29,64900.01,64925.28,19.44835
1784822520000,64925.28,64928.1,64856.86,64868.29,32.15063
1784822580000,64868.29,64884.0,64868.28,64875.06,32.3666
1784822640000,64875.06,64875.06,64862.52,64869.32,24.05983
1784822700000,64869.32,64869.32,64850.02,64850.03,23.33272
1784822760000,64850.03,64850.03,64797.28,64812.0,28.03766
1784822820000,64811.99,64829.1,64808.01,64827.33,6.04751
1784822880000,64827.33,64838.44,64820.0,64835.99,9.46839
1784822940000,64835.99,64837.84,64815.12,64837.24,8.80075
1784823000000,64837.24,64860.0,64837.24,64858.0,9.12761
1784823060000,64857.99,64890.0,64857.99,64874.24,9.81627
1784823120000,64874.24,64888.0,64874.23,64874.45,9.39263
1784823180000,64874.45,64909.99,64856.0,64856.0,42.84494
1784823240000,64856.01,64871.98,64856.0,64871.97,3.73255
1784823300000,64871.97,64884.27,64871.97,64881.34,9.68545
1784823360000,64881.33,64881.34,64844.01,64844.02,11.01956
1784823420000,64844.01,64844.01,64818.0,64826.66,6.29923
1784823480000,64826.67,64831.86,64796.0,64804.0,5.46982
1784823540000,64804.0,64804.0,64754.0,64767.79,14.07138
1784823600000,64767.78,64790.0,64767.78,64788.0,7.38541
1784823660000,64788.0,64789.96,64764.0,64787.0,20.57044
1784823720000,64786.99,64787.0,64766.09,64784.0,7.7461
1784823780000,64784.0,64832.71,64783.99,64832.7,10.06877
1784823840000,64832.7,64832.71,64827.55,64828.74,5.62847
1784823900000,64828.74,64853.26,64812.41,64812.42,11.25522
1784823960000,64812.42,64812.42,64800.0,64800.0,23.28407
1784824020000,64800.01,64802.42,64800.0,64802.41,3.201
1784824080000,64802.42,64802.42,64800.0,64800.0,1.57176
1784824140000,64800.0,64818.94,64800.0,64818.94,5.62633
1784824200000,64818.94,64818.94,64800.0,64803.99,43.11765
1784824260000,64804.0,64804.0,64788.75,64788.76,27.45446
1784824320000,64788.75,64788.76,64744.0,64744.02,7.58603
1784824380000,64744.02,64790.35,64744.01,64755.6,8.98134
1784824440000,64755.61,64762.0,64738.0,64738.01,6.18676
1784824500000,64738.01,64750.0,64722.88,64749.99,19.00121
1784824560000,64750.0,64796.85,64749.99,64776.83,15.34332
1784824620000,64776.83,64776.84,64762.0,64762.0,3.44422
1784824680000,64762.01,64782.0,64760.32,64782.0,7.23997
1784824740000,64782.0,64800.0,64777.28,64785.34,10.82043
1784824800000,64785.34,64785.35,64757.01,64757.01,7.23862
1784824860000,64757.01,64760.0,64735.81,64738.42,7.27009
1784824920000,64738.43,64757.62,64704.57,64746.84,25.85299
1784824980000,64746.83,64772.0,64746.83,64764.49,20.59744
1784825040000,64764.48,64764.48,64748.33,64748.34,6.44917
1784825100000,64748.33,64770.07,64744.0,64755.01,13.35649
1784825160000,64755.01,64755.02,64755.0,64755.01,3.82908
1784825220000,64755.0,64755.01,64740.17,64748.52,21.93361
1784825280000,64748.52,64773.15,64748.52,64773.15,5.57847
1784825340000,64773.14,64775.0,64739.99,64739.99,38.96846
1784825400000,64740.0,64740.0,64731.78,64733.58,6.74635
1784825460000,64733.59,64760.0,64733.58,64757.99,25.26151
1784825520000,64758.0,64770.0,64757.99,64767.17,6.32329
1784825580000,64767.16,64770.04,64750.0,64750.01,24.37002
1784825640000,64750.01,64771.12,64750.0,64771.11,5.61991
1784825700000,64771.12,64787.9,64771.11,64787.89,7.27074
1784825760000,64787.89,64793.71,64781.27,64791.1,4.67036
1784825820000,64791.1,64807.9,64791.1,64807.89,5.85461
1784825880000,64807.89,64838.0,64807.89,64826.0,7.15914
1784825940000,64826.01,64826.01,64756.83,64756.84,19.6327
1784826000000,64756.84,64787.11,64733.59,64787.11,10.43842
1784826060000,64787.11,64787.11,64764.12,64783.39,5.1632
1784826120000,64783.4,64794.0,64736.0,64794.0,14.24783
1784826180000,64794.0,64804.84,64773.36,64781.54,9.01841
1784826240000,64781.55,64793.53,64773.37,64774.92,4.038
1784826300000,64774.91,64774.92,64757.81,64757.81,1.90336
1784826360000,64757.82,64804.35,64757.81,64760.01,13.42321
1784826420000,64760.0,64777.7,64760.0,64764.18,10.01386
1784826480000,64764.19,64788.92,64764.18,64767.97,10.38924
1784826540000,64767.96,64788.0,64767.96,64787.99,4.54817
1784826600000,64787.99,64819.71,64782.0,64788.01,19.85658
1784826660000,64788.01,64788.01,64756.44,64756.44,9.23455
1784826720000,64756.44,64774.0,64746.0,64764.94,9.74989
1784826780000,64764.94,64766.52,64746.0,64746.0,4.93963
1784826840000,64746.0,64777.4,64742.39,64777.4,20.55499
1784826900000,64777.4,64790.9,64770.01,64790.89,6.65383
1784826960000,64790.9,64837.95,64764.35,64765.12,34.94092
1784827020000,64765.12,64801.39,64765.12,64772.22,5.52474
1784827080000,64772.21,64772.22,64747.56,64747.56,23.68147
1784827140000,64747.56,64765.78,64744.9,64765.78,5.58251
1784827200000,64765.78,64826.0,64765.78,64813.99,7.96054
1784827260000,64813.99,64822.12,64801.0,64801.0,5.69838
1784827320000,64801.0,64817.79,64786.04,64812.41,9.45925
1784827380000,64812.4,64869.28,64806.88,64856.14,22.39085
1784827440000,64856.14,64876.69,64856.14,64862.86,8.04089
1784827500000,64862.86,64862.86,64812.0,64829.48,12.00505
1784827560000,64829.48,64856.47,64826.0,64847.57,15.98553
1784827620000,64847.57,64853.08,64847.57,64850.49,1.27541
